,Dia,Mês,Ano,Hora,Cidade,Ocorrência,Descrição,Local,Qntd_Viaturas,Qntd_Militares
0,5,5,2023, 08:51:52,MACEIÓ,APH,VÍTIMA DE ENGASGO,"R. NOSSA SRA. DE FÁTIMA, N213, MACEIÓ-AL",1,2
1,5,5,2023, 08:52:25,MARAGOGI,ATIVIDADES COMUNITÁRIAS,FORÇA TAREFA EM MARAGOGI.,"MARAGOGI, MARAGOGI-AL",1,4
2,5,5,2023, 08:56:47,ARAPIRACA,BUSCA E SALVAMENTO,VERIFICAÇÃO DE OCORRÊNCIA DE ABELHAS ,"RUA MANOEL BELA BARBOZA, 501, ARAPIRACA-AL",1,3
3,5,5,2023, 09:00:20,SÃO MIGUEL DOS MILAGRES,ATIVIDADES COMUNITÁRIAS,FT SÃO MIGUEL.,"SÃO MIGUEL DOS MILAGRES, SÃO MIGUEL DOS MILAGRES-AL",0,2
4,5,5,2023, 09:03:57,PORTO DE PEDRAS,ATIVIDADES COMUNITÁRIAS,FT PATACHO.,"PRAIA PATACHO, PORTO DE PEDRAS-AL",0,2
5,5,5,2023, 09:07:16,MACEIÓ,BUSCA E SALVAMENTO,MARIBONDOS EM POSTE,"RESIDENCIAL VALE BENTES 2, MACEIÓ-AL",1,3
6,5,5,2023, 09:17:07,UNIÃO DOS PALMARES,APH,UM SENHOR CAIU DA PRÓPRIA ALTURA NUM CANTEIRO DE PLANTAS E TEVE UMA PERFURAÇÃO NO ABDÔMEN.,"RUA CORONEL JOSÉ BEZERRA, UNIÃO DOS PALMARES-AL",1,3
7,5,5,2023, 09:20:27,PALMEIRA DOS ÍNDIOS,APH,PACIENTE PSIQUIÁTRICO,"RUA PEDRO SOARES, 281, PALMEIRA DOS ÍNDIOS-AL",1,3
8,5,5,2023, 09:21:41,MARECHAL DEODORO,ATIVIDADES COMUNITÁRIAS,PREVENÇÕES A BANHISTAS NA PRAIA DO FRANCÊS.,"PRAIA DO FRANCÊS, MARECHAL DEODORO-AL",1,5
9,5,5,2023, 09:24:36,BARRA DE SANTO ANTÔNIO,ATIVIDADES COMUNITÁRIAS,INSTRUÇÃO NO HOTEL VILA GALÉ.,"BARRA DE SANTO ANTÔNIO, BARRA DE SANTO ANTÔNIO-AL",1,3
10,5,5,2023, 09:25:05,PENEDO,BUSCA E SALVAMENTO,COBRA DE ESPÉCIE NÃO IDENTIFICADA NO BANHEIRO DA RESIDÊNCIA.,"PRAÇA CLEMENTINO DO MONTE, PENEDO-AL",1,3
11,5,5,2023, 09:25:12,MACEIÓ,ATIVIDADES COMUNITÁRIAS,PREVENÇÕES A BANHISTAS NA PRAIA DO MIRANTE DA SEREIA.,"AVENIDA BEIRA MAR, MACEIÓ-AL",0,3
12,5,5,2023, 09:25:26,ARAPIRACA,APH,QUEDA DE MOTO,"AL-110, ARAPIRACA-AL",0,4
13,5,5,2023, 09:27:46,PORTO CALVO,ATIVIDADES COMUNITÁRIAS,MANUTENÇÃO DE VTR.,"PORTO CALVO, PORTO CALVO-AL",1,3
14,5,5,2023, 09:29:29,MACEIÓ,APH,PACIENTE PSIQUIATRICO,"R. PREF. JOATAS MALTA DE ALENCAR, MACEIÓ-AL",1,3
15,5,5,2023, 09:35:05,BARRA DE SANTO ANTÔNIO,ATIVIDADES COMUNITÁRIAS,INSTRUÇÃO CONTRA INCÊNDIO E EMERGÊNCIAS - ORGANIZADO PELA DAT.,"HOTEL VILA GALÉ - TOUROS, BARRA DE SANTO ANTÔNIO-AL",2,5
16,5,5,2023, 09:40:01,MACEIÓ,ATIVIDADES COMUNITÁRIAS,PREVENÇÕES POSTO JATIÚCA,"AVENIDA ÁLVARO OTACÍLIO, MACEIÓ-AL",0,2
17,5,5,2023, 10:00:48,PORTO DE PEDRAS,BUSCA E SALVAMENTO,QUEDA DE ANDAIME. ,"PORTO DE PEDRAS, PORTO DE PEDRAS-AL",1,3
18,5,5,2023, 10:06:04,MARAGOGI,BUSCA E SALVAMENTO,CAPTURA DE COBRA.,"BARRA GRANDE, MARAGOGI-AL",1,2
19,5,5,2023, 10:14:29,SANTA LUZIA DO NORTE,PRODUTOS PERIGOSOS,VAZAMENTO DE GLP,"R. DOM PEDRO  2º, SANTA LUZIA DO NORTE-AL",0,0
20,5,5,2023, 10:31:43,ARAPIRACA,ATIVIDADES COMUNITÁRIAS,PB - ATIVIDADES COMUNITÁRIAS - FT AT 06,"ÁREA VERDE, ARAPIRACA-AL",1,3
21,5,5,2023, 10:42:31,MACEIÓ,ATIVIDADES COMUNITÁRIAS,"PREVENÇÕES A BANHISTAS NA PRAIA DE CRUZ DAS ALMAS, SVR.","PRAIA DE CRUZ DAS ALMAS, MACEIÓ-AL",0,5
22,5,5,2023, 10:49:45,MACEIÓ,ATIVIDADES COMUNITÁRIAS,PREVENÇÕES A BANHISTAS NA PRAIA DO SOBRAL,"AVENIDA ASSIS CHATEAUBRIAND, MACEIÓ-AL",0,3
23,5,5,2023, 10:51:54,SÃO SEBASTIÃO,ATIVIDADES COMUNITÁRIAS,PB - SÃO SEBASTIÃO,"CENTRO, SÃO SEBASTIÃO, AL, SÃO SEBASTIÃO-AL",1,3
24,5,5,2023, 10:52:58,MACEIÓ,ATIVIDADES COMUNITÁRIAS,"PREVENÇÕES A BANHISTAS NA PRAIA DA GUAXUMA, SVR.","PRAIA DE GUAXUMA, MACEIÓ-AL",0,3
25,5,5,2023, 10:55:08,ROTEIRO,ATIVIDADES COMUNITÁRIAS,"PREVENÇÕES A BANHISTAS NA PRAIA DO GUNGA, SVR.","PRAIA DO GUNGA, ROTEIRO-AL",0,2
26,5,5,2023, 10:55:21,SÃO MIGUEL DOS CAMPOS,ATIVIDADES COMUNITÁRIAS,PB -  SÃO MIGUEL DOS CAMPOS,"E.E ANA LINS, SÃO MIGUEL DOS CAMPOS-AL",1,3
27,5,5,2023, 11:01:05,ARAPIRACA,APH,ABELHAS EM ESCOLA COC,"COLÉGIO COC ARAPIRACA, ARAPIRACA-AL",1,4
28,5,5,2023, 11:24:03,ARAPIRACA,APH,QUEDA DE MOTO,"RUA MANOEL ABREU, ARAPIRACA-AL",0,4
29,5,5,2023, 12:18:15,MACEIÓ,APH,TRANSPORTE DE MILITAR ENFERMO ATÉ O HOSPITAL.,"CONJUNTO MEDEIROS NETO - BLOCO 131, APT. 01, MACEIÓ-AL",2,7
30,5,5,2023, 12:19:36,PIRANHAS,ATIVIDADES COMUNITÁRIAS,"PREVENÇÃO AOS BANHISTAS ORLA DE PIRANHAS, SVR.","ORLA FLUVIAL ALTEMAR DUTRA, PIRANHAS-AL",0,3
31,5,5,2023, 12:23:58,ARAPIRACA,ATIVIDADES COMUNITÁRIAS,PB - AR 59- LAGO DA PERUCABA,"PLANETÁRIO E CASA DA CIÊNCIA DE ARAPIRACA, ARAPIRACA-AL",0,4
32,5,5,2023, 12:46:41,ARAPIRACA,BUSCA E SALVAMENTO,CACHORRO EM FOSSA,"RUA LUCIANA RODRIGUES DE ARAUJO, ARAPIRACA-AL",1,4
33,5,5,2023, 13:04:13,MACEIÓ,BUSCA E SALVAMENTO,"MARIBONDOS EM BAIXO DE ESCADA DE CIMENTO, TAMANHO DE UMA LARANJA, A CERCA DE 2M DE ALTURA.","RUA 24 DE OUTUBRO, N5, MACEIÓ-AL",1,3
34,5,5,2023, 14:09:23,SANTANA DO IPANEMA,ATIVIDADES COMUNITÁRIAS,SVR SAT 9° GBM.,"SANTANA DO IPANEMA, SANTANA DO IPANEMA-AL",1,4
35,5,5,2023, 14:14:37,ARAPIRACA,ATIVIDADES COMUNITÁRIAS,PB FISCALIZAÇÕES ,"R. GOV. SILVESTRE PÉRICLES, 375, ARAPIRACA-AL",0,3
36,5,5,2023, 14:18:49,SÃO LUÍS DO QUITUNDE,ATIVIDADES COMUNITÁRIAS,TRANSPORTE DE MATERIAL PARA POSTO SÃO LUIS DO QUITUNDE,"SÃO LUÍS DO QUITUNDE, SÃO LUÍS DO QUITUNDE-AL",1,1
37,5,5,2023, 14:30:29,MACEIÓ,APH,ACIDENTE CASUAL COM TRAVAMENTO DE COLUNA.,"R. SEN. RUI PALMEIRA, 675, MACEIÓ-AL",0,3
38,5,5,2023, 14:59:13,MACEIÓ,APH,IDOSA VÍTIMA DE QUEDA DA PRÓPRIA ALTURA. QUEIXANDO-SE DE DORES E QUE NÃO CONSEGUE MOVIMENTAR-SE.,"R. DEMÓCRITO GRACINDO, 132, MACEIÓ-AL",1,4
39,5,5,2023, 16:03:01,ARAPIRACA,BUSCA E SALVAMENTO,GATO PRESO EM CARRO,"R. FRANCISCO RODRIGUES VIANA, 50, ARAPIRACA-AL",1,4
40,5,5,2023, 16:20:04,MACEIÓ,APH,"QUEDA DE ALTURA, FEMININO","TRAVESSA SANTO ANDRÉ, 158 - GROTA DO RAFAEL, MACEIÓ-AL",1,4
41,5,5,2023, 16:35:01,MACEIÓ,INCÊNDIO,INCÊNDIO EM APTO,"RUA PROFª EDITE BRANDAO NOGUEIRA, N130, MACEIÓ-AL",4,1
42,5,5,2023, 17:24:23,LIMOEIRO DE ANADIA,BUSCA E SALVAMENTO,ABELHA EM ESCOLA,"ESCOLA DE EDUCAÇÃO BÁSICA PREFEITO BENÍCIO FERREIRA REIS, LIMOEIRO DE ANADIA-AL",1,4
43,5,5,2023, 17:30:13,MACEIÓ,APH,QUEDA DA PRÓPRIA ALTURA,"RUA PAU DARCO. N59, MACEIÓ-AL",0,3
44,5,5,2023, 17:49:42,SÃO MIGUEL DOS MILAGRES,BUSCA E SALVAMENTO,CAPTURA DE ABELHAS,"PARÓQUIA DE NOSSA SENHORA MÃE DO POVO, SÃO MIGUEL DOS MILAGRES-AL",1,3
45,5,5,2023, 18:32:48,MACEIÓ,APH,"ATROPELAMENTO POR CARRO DE UMA VÍTIMA CONSCIENTE, ORIENTADA, QUEIXANDO-SE DE DORES NAS COSTAS, CABEÇA E ESCORIAÇÕES NOS MEMBROS SUPERIORES.","AVENIDA DURVAL DE GÓES MONTEIRO, MACEIÓ-AL",1,3
46,5,5,2023, 18:59:51,UNIÃO DOS PALMARES,APH,QUEDA DE MOTO COM UMA VITIMA,"R. SANTA IZABEL, UNIÃO DOS PALMARES-AL",1,3
47,5,5,2023, 19:31:50,MACEIÓ,APH,"SOLICITANTE INFORMA SOBRE QUEDA DA PROPRIA ALTURA DE UMA MULHER, SUSPEITA DE FRATURA NO PÉ. CONSCIENTE.","R. ENG. MARIO DE GUSMÃO, MACEIÓ-AL",0,3
48,5,5,2023, 20:03:36,PALMEIRA DOS ÍNDIOS,APH,CASO CLÍNICO,"LOTEAMENTO BELA VISTA, 94, PALMEIRA DOS ÍNDIOS-AL",1,3
49,5,5,2023, 20:30:57,PENEDO,ATIVIDADES COMUNITÁRIAS,SVR SALVAMENTO,"AVENIDA BEIRA RIO, PENEDO-AL",1,4
50,5,5,2023, 20:47:44,JOAQUIM GOMES,BUSCA E SALVAMENTO,COLISÁO CARRO X ARVORÉ EM APOIO AO SAMU,"BR-101, JOAQUIM GOMES-AL",1,3
51,5,5,2023, 21:17:26,PALMEIRA DOS ÍNDIOS,BUSCA E SALVAMENTO,DESABAMENTO DE MURO,"TRAVESSA PROF. GUEDES DE MIRANDA, 75, PALMEIRA DOS ÍNDIOS-AL",2,6
52,5,5,2023, 21:55:49,PALMEIRA DOS ÍNDIOS,INCÊNDIO,INCÊNDIO EM VEÍCULO,"AL 115, PALMEIRA DOS ÍNDIOS-AL",1,3
53,5,5,2023, 22:33:23,MACEIÓ,BUSCA E SALVAMENTO,PRESO EM ELEVADOR,"R. WALFRIDO ROCHA, 115, MACEIÓ-AL",0,0
54,5,5,2023, 22:36:57,MACEIÓ,APH,CASO CLÍNICO.,"RIO RIO LARGO, Nº 156, MACEIÓ-AL",1,4
55,6,5,2023, 06:41:34,MACEIÓ,APH,"SOLICITANTE IINFORMA SOBRE COLISÃO MOTO X ÔNIBUS, COM UMA VÍTIMA COM SUSPEITA DE FRATURA NA MÃO. CONSCIENTE.","AVENIDA JUCA SAMPAIO, MACEIÓ-AL",1,4
56,6,5,2023, 06:53:03,MARAGOGI,APH,VÍTIMA DE QUEIMADURA,"RUA DO CARVÃO, MARAGOGI-AL",1,3
57,6,5,2023, 07:59:40,SANTANA DO IPANEMA,APH,COLISÃO MOTO X CACHORRO.,"BR-316, SANTANA DO IPANEMA-AL",1,3
58,6,5,2023, 08:40:42,ARAPIRACA,ATIVIDADES COMUNITÁRIAS,PB - PRAÇA MARQUES DA SILVA,"PRAÇA DEPUTADO MARQUES DA SILVA, ARAPIRACA-AL",0,4
59,6,5,2023, 09:10:50,MARAGOGI,ATIVIDADES COMUNITÁRIAS,FT MARAGOGI,"ORLA DE MARAGOGI, MARAGOGI-AL",0,2
60,6,5,2023, 09:20:44,MACEIÓ,APH,QUEDA DE ALTURA ,"AVENIDA LOURIVAL MELO MOTA, EMPRESA DE INSPEÇÃO DO INMETRO, MACEIÓ-AL",1,3
61,6,5,2023, 09:58:50,SÃO MIGUEL DOS CAMPOS,ATIVIDADES COMUNITÁRIAS,PB- NO CENTRO DE SÃO MIGUEL DOS CAMPOS,"CENTRO DE SÃO MIGUEL DOS CAMPOS, SÃO MIGUEL DOS CAMPOS-AL",1,3
62,6,5,2023, 10:18:59,MACEIÓ,APH,QUEDA DE ALTURA (LAJE),"RUA VINTE E SEIS DE ABRIL, MACEIÓ-AL",1,4
63,6,5,2023, 11:57:20,MARAGOGI,INCÊNDIO,VAZAMENTO DE GÁS ,"UNIDADE MISTA, MARAGOGI-AL",1,2
64,6,5,2023, 12:19:54,MACEIÓ,APH,QUEDA DE MOTO,"AL 101 NORTE - IPIOCA, MACEIÓ-AL",1,2
65,6,5,2023, 12:25:53,ARAPIRACA,BUSCA E SALVAMENTO,"TRATA-SE DE RETIRADA DE VANEL, VÍTIMA DO SEXO MASCULINO 18 ANOS","RUA JOSÉ ANTÔNIO DE ALBUQUERQUE Nº 157, ARAPIRACA-AL",1,3
66,6,5,2023, 12:27:31,PENEDO,BUSCA E SALVAMENTO,CAPTURA DE COBRA QUE SE ENCONTRA  NO TELHADO DA RESIDÊNCIA,"AL 110 ITAPORANGA, PENEDO-AL",0,2
67,6,5,2023, 12:42:30,MACEIÓ,APH,COLISÃO CARRO BICICLETA ,"AVENIDA CID SCALA, MACEIÓ-AL",1,4
68,6,5,2023, 13:07:16,MARECHAL DEODORO,APH,"SEXO, F, 21 ANOS, DORES ABDOMINAIS, TRANSPORTADA PARA UPA","FRANCEZ, MARECHAL DEODORO-AL",1,5
69,6,5,2023, 13:16:24,UNIÃO DOS PALMARES,APH,"COLISÃO MOTO X MOTO, UMA VITIMA.","CAPELA DE NOSSA SENHORA DE FÁTIMA, UNIÃO DOS PALMARES-AL",1,3
70,6,5,2023, 13:26:27,PALMEIRA DOS ÍNDIOS,APH,"TRATA-SE DE COLISÃO CARRO VS MOTO, COM UMA VÍTIMA.","BR-316, PALMEIRA DOS ÍNDIOS-AL",1,3
71,6,5,2023, 14:04:29,ROTEIRO,ATIVIDADES COMUNITÁRIAS,PREVENÇÕES A BANHISTAS,"AVENIDA GENERAL LUIZ DE FRANÇA ALBUQUERQUE, ROTEIRO-AL",0,3
72,6,5,2023, 14:12:11,MACEIÓ,APH,COLISÃO CARRO X MOTO,"RUA CORONEL FLORIANO PÍMENTEL, MACEIÓ-AL",1,3
73,6,5,2023, 14:36:04,PENEDO,BUSCA E SALVAMENTO,ENXAME DE MARIMBONDOS NA FRENTE DO ESTABELECIMENTO ,"RODOVIA ENGENHEIRO JOAQUIM GONÇALVES, PENEDO-AL",1,4
74,6,5,2023, 14:50:34,MACEIÓ,ATIVIDADES COMUNITÁRIAS,PREVENÇÕES A BANHISTAS,"AVENIDA ASSIS CHATEAUBRIAND, MACEIÓ-AL",0,3
75,6,5,2023, 13:06:49,ARAPIRACA,ATIVIDADES COMUNITÁRIAS,PB - LAGO DA PERUCABA,"LAGO DA PERUCABA, ARAPIRACA-AL",1,3
76,6,5,2023, 14:52:20,MACEIÓ,ATIVIDADES COMUNITÁRIAS,PREVENÇÕES A BANHISTAS,"AVENIDA ROTA DO MAR, MACEIÓ-AL",0,2
77,6,5,2023, 15:34:43,DELMIRO GOUVEIA,APH,VÍTIMA DE QUEDA DE MOTO COM SUSPEITA DE FRATURA EXPOSTA.,"R. MANOEL RIBEIRO, BOM SOSSEGO, DELMIRO GOUVEIA-AL",0,3
78,6,5,2023, 16:19:08,PAULO JACINTO,BUSCA E SALVAMENTO,TRATA-SE DE RETIRADA DE ANEL,"RESIDENCIAL SANTA INES, QUADRA F, LOTE 20., PAULO JACINTO-AL",1,4
79,6,5,2023, 08:16:44,PALMEIRA DOS ÍNDIOS,ATIVIDADES COMUNITÁRIAS,PALESTRA DE PRIMEIROS SOCORROS PARA PROFISSIONAIS DA EDUCAÇÃO CONFORME ORDEM DE SERVIÇO,"AVENIDA BRASÍLIA, PALMEIRA DOS ÍNDIOS-AL",2,7
80,6,5,2023, 09:30:52,MACEIÓ,BUSCA E SALVAMENTO,VESPAS EM JANELA,"AV. DR. JORGE MONTENEGRO BARROS, ALTO DA LAGOA, 3325, MACEIÓ-AL",1,3
81,6,5,2023, 11:04:12,PÃO DE AÇÚCAR,ATIVIDADES COMUNITÁRIAS,SVR GV PÃO DE AÇÚCAR.,"PÃO DE AÇÚCAR, PÃO DE AÇÚCAR-AL",1,4
82,6,5,2023, 11:24:14,PIRANHAS,ATIVIDADES COMUNITÁRIAS,PREVENÇÃO AOS BANHISTAS ORLA DE PIRANHAS.,"ORLA FLUVIAL ALTEMAR DUTRA, PIRANHAS-AL",0,2
83,6,5,2023, 11:56:44,PIAÇABUÇU,ATIVIDADES COMUNITÁRIAS,SVR/GV PIAÇABUÇU,"PONTAL DO PEBA, PIAÇABUÇU-AL",0,2
84,6,5,2023, 11:58:30,PENEDO,ATIVIDADES COMUNITÁRIAS,SVR/GV PENEDO,"PRAINHA DE PENEDO, PENEDO-AL",0,2
85,6,5,2023, 13:55:35,MARECHAL DEODORO,ATIVIDADES COMUNITÁRIAS,PREVENÇÕES A BANHISTAS ,"FRANCES, MARECHAL DEODORO-AL",1,5
86,6,5,2023, 13:58:04,MACEIÓ,ATIVIDADES COMUNITÁRIAS,PREVENÇÕES A BANHISTAS,"ORLA DE CRUZ DAS ALMAS, MACEIÓ-AL",0,3
87,6,5,2023, 14:44:48,MACEIÓ,ATIVIDADES COMUNITÁRIAS,PREVENÇÕES A BANHISTAS,"AVENIDA ÁLVARO OTACÍLIO, MACEIÓ-AL",0,3
88,6,5,2023, 14:49:04,MACEIÓ,ATIVIDADES COMUNITÁRIAS,PREVENÇÕES A BANHISTAS,"AVENIDA GENERAL LUIZ DE FRANÇA ALBUQUERQUE, MACEIÓ-AL",0,3
89,6,5,2023, 15:53:52,RIO LARGO,APH,QUEDA DE ALTURA,"LADEIRA GUSTAVO PAIVA, RIO LARGO-AL",1,3
90,6,5,2023, 15:58:24,PIAÇABUÇU,BUSCA E SALVAMENTO,CAPTURA DE COBRA EM UM TELHADO DE RESIDÊNCIA,"RUA PRINCIPAL DO PONTAL DO PEBA, PIAÇABUÇU-AL",0,3
91,6,5,2023, 16:33:42,MACEIÓ,BUSCA E SALVAMENTO,FILHOTES DE UMA GATA EM LOCAL DE DIFÍCIL ACESSO NA PARTE DA TUBULAÇÃO DO PRÉDIO.,"RUA HAMILTON DE BARROS SOUTINHO, 880, MACEIÓ-AL",1,3
92,6,5,2023, 16:37:42,DELMIRO GOUVEIA,APH,VÍTIMA DE QUEDA MOTO.,"RUA MANOEL RIBEIRO, DELMIRO GOUVEIA-AL",0,3
93,6,5,2023, 16:53:04,DELMIRO GOUVEIA,APH,VÍTIMA DE QUEDA DE BICICLETA.,"RUA MANOEL RIBEIRO, DELMIRO GOUVEIA-AL",0,3
94,6,5,2023, 17:24:31,MACEIÓ,APH,COLISÃO CARRO X MOTO,"AVENIDA FERNANDES LIMA, MACEIÓ-AL",1,3
95,6,5,2023, 17:30:36,MACEIÓ,INCÊNDIO,INCÊNDIO EM APARTAMENTO,"RESIDENCIAL PARQUE PETRÓPOLIS II, BLOCO 19, APTO 101, MACEIÓ-AL",4,1
96,6,5,2023, 18:07:16,PALMEIRA DOS ÍNDIOS,APH,TRATA-SE DE ATROPELAMENTO. ,"RUA CASTELO BRANCO, PALMEIRA DOS ÍNDIOS-AL",1,3
97,6,5,2023, 18:11:51,PENEDO,BUSCA E SALVAMENTO,RETIRADA DE ANEL DE UMA CRIANÇA,"RUA MANOEL BARREIROS, PENEDO-AL",0,3
98,6,5,2023, 14:01:21,MACEIÓ,ATIVIDADES COMUNITÁRIAS,PREVENÇÕES A BANHISTAS,"GUAXUMA, MACEIÓ-AL",0,3
99,6,5,2023, 14:54:22,MACEIÓ,ATIVIDADES COMUNITÁRIAS,PREVENÇÕES A BANHISTAS,"AVENIDA DOUTOR ANTÔNIO GOUVEIA, MACEIÓ-AL",0,1
100,6,5,2023, 15:11:53,ARAPIRACA,ATIVIDADES COMUNITÁRIAS,PB - LAGO DA PERUCABA,"LAGO DA PERUCABA, ARAPIRACA-AL",0,4
101,6,5,2023, 17:45:39,COQUEIRO SECO,APH,RESGATE DE ANIMAL EM FOSSA DESATIAVADA,"RUA PROFESSORA ELVIRA LEITE, COQUEIRO SECO-AL",1,3
102,6,5,2023, 19:55:24,SANTANA DO IPANEMA,BUSCA E SALVAMENTO,CAPOTAMENTO.,"BRISA DA SERRA, SANTANA DO IPANEMA-AL",2,6
103,6,5,2023, 20:11:34,MACEIÓ,APH,QUEDA DE MOTO,"AV. ASSIS CHATEAUBRIAND, MACEIÓ-AL",1,5
104,6,5,2023, 20:13:23,MACEIÓ,APH,"COLISÃO MOTO X MOTO, COM UMA VÍTIMA QUEIXANDO-SE DE DORES POR TODO O CORPO.","BENEDITO BENTES 2, APRIGIO VILELA, MACEIÓ-AL",1,3
105,6,5,2023, 20:19:29,MACEIÓ,BUSCA E SALVAMENTO,DUAS GESTANTES EM TRABALHO DE PARTO NECESSITANDO DE RETIRADA DE ANEL E PIERCING PARA IR AO CENTRO CIRÚRGICO. SOLICITAR A PRESENÇA DA ENFERMEIRA ERICÁC ...,"MATERNIDADE NOSSA SENHORA DA GUIA, RUA COMENDADOR CALAÇA, MACEIÓ-AL",1,4
106,7,5,2023, 17:18:52,SÃO SEBASTIÃO,BUSCA E SALVAMENTO,CONTENÇÃO DE INSETOS (ABELHAS).,"POVOADO LAGOA SECA, SÃO SEBASTIÃO-AL",1,3
107,7,5,2023, 17:30:04,PENEDO,APH,ACIDENTE POR QUEDA DE OBJETO,"ORLA DO BARRO VERMELHO, PENEDO-AL",1,3
108,7,5,2023, 17:52:58,MARAGOGI,BUSCA E SALVAMENTO,ABELHAS," FAZ MARRECAS, MARAGOGI-AL",1,3
109,7,5,2023, 18:21:30,MACEIÓ,APH,COLISÃO CARRO X MOTO COM UMA VÍTIMA.,"RUA GENERAL HERMES, MACEIÓ-AL",0,2
110,7,5,2023, 18:31:36,DOIS RIACHOS,BUSCA E SALVAMENTO,CONTENÇÃO DE INSETOS PERIGOSOS ,"DOIS RIACHOS, DOIS RIACHOS-AL",1,2
111,7,5,2023, 20:10:02,IGACI,APH,TRATA-SE DE ACIDENTE DE MOTO.,"AL-115, IGACI-AL",1,3
112,7,5,2023, 20:16:31,UNIÃO DOS PALMARES,APH,VÍTIMA DE ATROPELAMENTO DE MOTOCICLETA.,"ESTRADA FAZENDA FRIO, UNIÃO DOS PALMARES-AL",1,3
113,7,5,2023, 20:27:42,MACEIÓ,APH,COLISÃO CARRO X MOTO - UMA VITMA COM SUSPEITA DE FRATURA NO MEMBRO SUPERIOR,"AVENIDA EDUARDO TADEU LOPES DA SILVA, MACEIÓ-AL",1,3
114,7,5,2023, 20:41:19,OLHO D'ÁGUA DAS FLORES,APH,COLISÃO CARRO X MOTO,"AL-130, OLHO D'ÁGUA DAS FLORES-AL",1,3
115,7,5,2023, 20:58:48,ARAPIRACA,BUSCA E SALVAMENTO,CONTENÇÃO DE INSETOS (ABELHAS),"RUA AMÉLIA NUNES CORREIA- RESIDENCIAL COLIBRI, ARAPIRACA-AL",1,3
116,7,5,2023, 21:55:22,MACEIÓ,APH,TRANSPORTE DA RESIDÊNCIA DO PACIENTE PARA SANTA CASA NO SETOR DE ONCOLOGIA - AGENDADO PARA 06 DA MANHÃ,"RUA BERNARDINO DE SOUZA FERREIRA, 280 - CLETO, MACEIÓ-AL",1,6
117,7,5,2023, 22:09:33,MACEIÓ,APH,COLISÃO CARRO X MOTO - UMA VÍTIMA - COM SUSPEITA DE FRATURA NO MEMBRO INFERIOR,"AV MENINO MARCELO, MACEIÓ-AL",1,3
118,7,5,2023, 22:11:28,OURO BRANCO,APH,QUEDA DE MOTO ,"R. SEBASTIÃO VIEIRA DA ROCHA, OURO BRANCO-AL",1,3
119,7,5,2023, 23:20:28,ARAPIRACA,INCÊNDIO,INCÊNDIO EM VEGETAÇÃO/MONTURO,"RODOVIA TEOTONIO BRANDAO VILELA AL 220, ARAPIRACA-AL",1,3
120,7,5,2023, 23:26:24,MARECHAL DEODORO,APH,QUEDA DE MOTO,"RODOVIA EDVALDO LEMOS, POV. CRABEIRAS , MARECHAL DEODORO-AL",0,2
121,8,5,2023, 00:58:58,SÃO JOSÉ DA TAPERA,APH,QUEDA DE MOTO ,"RUA SETE DE SETEMBRO, SÃO JOSÉ DA TAPERA-AL",1,3
122,8,5,2023, 01:11:54,MACEIÓ,INCÊNDIO,PRINCIPIO DE INCENDIO EM VEICULO ,"BR-316, MACEIÓ-AL",1,4
123,8,5,2023, 06:59:45,SANTANA DO IPANEMA,APH,SOLICITANTE INFORMA QUE O FILHO ESTÁ COM CRISES CONVULSIVAS ,"POSTO MARACANÃ, SANTANA DO IPANEMA-AL",1,3
124,8,5,2023, 07:02:00,SÃO MIGUEL DOS CAMPOS,BUSCA E SALVAMENTO,CAPTURA DE ANIMAL (CACHORRO PRESO ENTRE VIGAS).,"RUA DO MERCADO, SÃO MIGUEL DOS CAMPOS-AL",1,3
125,8,5,2023, 07:24:36,MACEIÓ,APH,COLISÃO CARRO X MOTO,"AVENIDA DURVAL DE GÓES MONTEIRO, MACEIÓ-AL",1,3
126,8,5,2023, 08:00:08,MACEIÓ,APH,QUEDA DE BICICLETA COM UMA VÍTIMA,"VIADUTO JOÃO LYRA, MACEIÓ-AL",0,3
127,8,5,2023, 09:11:18,MARAGOGI,ATIVIDADES COMUNITÁRIAS,FORÇA TAREFA (GV) - PRAIA DE MARAGOGI,"PRAIA DE MARAGOGI, MARAGOGI-AL",0,2
128,8,5,2023, 09:12:55,MARAGOGI,ATIVIDADES COMUNITÁRIAS,FORÇA TAREFA (SAT) - VISTORIA E ATENDIMENTO,"PRAÇA DOS CABANOS, MARAGOGI-AL",0,1
129,8,5,2023, 09:18:39,MACEIÓ,APH,GESTANTE (13 SEMANAS) COM TRAVAMENTO DE COLUNA,"R. SAMPAIO MARQUÊS, 25, MACEIÓ-AL",0,3
130,8,5,2023, 09:21:42,BRANQUINHA,APH,CAPOTAMENTO," NA BR 104 EM BRANQUINHA, BRANQUINHA-AL",2,7
131,8,5,2023, 09:38:58,MACEIÓ,APH,QUEDA DE MOTO COM UMA VÍTIMA,"AVENIDA JOSEFA DE MELO, MACEIÓ-AL",1,3
132,8,5,2023, 10:09:24,ARAPIRACA,ATIVIDADES COMUNITÁRIAS,PONTO BASE NO CENTRO DA CIDADE,"CENTRO, ARAPIRACA-AL",0,4
133,8,5,2023, 10:26:09,PENEDO,ATIVIDADES COMUNITÁRIAS,SRV - SALVAMENTO,"6º GRUPAMENTO DE BOMBEIROS MILITAR, PENEDO-AL",1,4
134,8,5,2023, 10:27:07,MARAGOGI,BUSCA E SALVAMENTO,ABELHA,"PRACA MARIDITE ACIOLY VANDERLEY, 123, MARAGOGI-AL",1,3
135,8,5,2023, 10:30:46,SÃO MIGUEL DOS CAMPOS,ATIVIDADES COMUNITÁRIAS,PONTO BASE NO CENTRO DE SÃO MIGUEL,"CENTRO DE SÃO MIGUEL, SÃO MIGUEL DOS CAMPOS-AL",1,3
136,8,5,2023, 11:04:11,SANTANA DO IPANEMA,APH,CASO CLÍNICO ,"RUA SÃO VICENTE, SANTANA DO IPANEMA-AL",1,3
137,8,5,2023, 11:04:30,MACEIÓ,ATIVIDADES COMUNITÁRIAS,PREVENÇÕES AOS BANHISTAS DA PRAIA DE GUAXUMA - SVR,"PRAIA DE GUAXUMA, MACEIÓ-AL",0,3
138,8,5,2023, 11:05:15,MACEIÓ,ATIVIDADES COMUNITÁRIAS,PREVENÇÕES AOS BANHISTAS DA PRAIA DO SOBRAL - SVR,"PRAIA DO SOBRAL, MACEIÓ-AL",0,3
139,8,5,2023, 11:06:00,ROTEIRO,ATIVIDADES COMUNITÁRIAS,PREVENÇÕES AOS BANHISTAS DA PRAIA DO GUNGA - SVR,"PRAIA DO GUNGA, ROTEIRO-AL",0,3
140,8,5,2023, 11:24:33,ARAPIRACA,ATIVIDADES COMUNITÁRIAS,PONTO BASE NA PRAÇA CECI CUNHA,"PRAÇA CECI CUNHA, ARAPIRACA-AL",0,4
141,8,5,2023, 11:32:22,MARIBONDO,BUSCA E SALVAMENTO,CAPOTAMENTO DE CAMINHÃO BOIADEIRO,"BR-316, MARIBONDO-AL",1,6
142,8,5,2023, 11:48:22,MACEIÓ,APH,PACIENTE RETIROU SONDA GASTRICA ,"AV PILAR, 589, MACEIÓ-AL",1,3
143,8,5,2023, 13:44:34,ARAPIRACA,APH,QUEDA DA PRÓPRIA ALTURA,"RUA ARIVALDO PEREIRA, QUADRA A24, COND. BELO JARDIM, ARAPIRACA-AL",0,4
144,8,5,2023, 14:08:21,MACEIÓ,INCÊNDIO,INCÊNDIO EM RESIDÊNCIA,"RUA TENENTE DOMINGOS RODAS, 28 - COHAB, MACEIÓ-AL",3,1
145,8,5,2023, 14:17:41,MACEIÓ,APH,TRANSPORTE DE SUA RESIDÊNCIA AO HOSPITAL VIDA,"CONJUNTO MEDEIROS NETO 2, BLOCO 131, APT 01, MACEIÓ-AL",1,3
146,8,5,2023, 15:17:47,PENEDO,APH,CASO CLÍNICO,"E. E. DR. ALCIDES ANDRADE, PENEDO-AL",1,3
147,8,5,2023, 08:28:25,MACEIÓ,ATIVIDADES COMUNITÁRIAS,INSTRUÇÃO ORDINÁRIA DE SEGURANÇA CONTRA INCÊNDIO E EMERGÊNCIAS EM EDIFICAÇÃO RESIDENCIAL. INSTRUÇÃO SEM EXCLUSIVIDADE ATENDENDO ORDEM DE SERVIÇO PUBLI ...,"ED. RIVIERA DEL MARE, AVENIDA COMENDADOR GUSTAVO PAIVA, MACEIÓ-AL",3,9
148,8,5,2023, 11:02:01,MARECHAL DEODORO,ATIVIDADES COMUNITÁRIAS,PREVENÇÕES AOS BANHISTAS DA PRAIA DO FRANCÊS,"PRAIA DO FRANCÊS, MARECHAL DEODORO-AL",1,5
149,8,5,2023, 11:02:39,MACEIÓ,ATIVIDADES COMUNITÁRIAS,PREVENÇÕES AOS BANHISTAS DA PRAIA DE JATIÚCA,"PRAIA DE JATIÚCA, MACEIÓ-AL",0,3
150,8,5,2023, 11:03:29,MACEIÓ,ATIVIDADES COMUNITÁRIAS,PREVENÇÕES AOS BANHISTAS DA PRAIA DO MIRANTE DA SEREIA,"MIRANTE DA SEREIA, MACEIÓ-AL",0,3
151,8,5,2023, 11:06:48,MACEIÓ,ATIVIDADES COMUNITÁRIAS,PREVENÇÕES AOS BANHISTAS DA PRAIA DE CRUZ DAS ALMAS - SVR,"PRAIA DE CRUZ DAS ALMAS, MACEIÓ-AL",0,3
152,8,5,2023, 13:23:57,PIRANHAS,ATIVIDADES COMUNITÁRIAS,FT - SALVAMENTO AQUATICO EM PIRANHAS,"PIRANHAS, PIRANHAS-AL",0,2
153,8,5,2023, 14:20:32,SANTANA DO IPANEMA,ATIVIDADES COMUNITÁRIAS,FORÇA TAREFA - SALVAMENTO TERRESTRE 9ºGBM SANTANA DO IPANEMA,"RUA DELMIRO GOUVÊIA, SANTANA DO IPANEMA-AL",1,3
154,8,5,2023, 15:31:27,ARAPIRACA,ATIVIDADES COMUNITÁRIAS,FISCALIZAÇÃO NO CENTRO DA CIDADE,"CENTRO, ARAPIRACA-AL",0,4
155,8,5,2023, 15:52:02,MACEIÓ,APH,PACIENTE DARÁ ENTRADA NA EMERGÊNCIA PARA REALIZAR TROCA DE SONDA,"CONJUNTO JARDIM DO HORTO 1 - RUA PEROBA, 73, MACEIÓ-AL",1,3
156,8,5,2023, 16:06:35,MACEIÓ,APH,TRANSPORTE DE PACIENTE ONCOLÓGICO - DE SUA RESIDÊNCIA PARA O HOSPITAL SANTA CASA,"RUA SANTOS FERRAZ - RESIDENCIAL MARAVILHA, BLOCO B, APT 203, MACEIÓ-AL",2,7
157,8,5,2023, 16:14:53,MACEIÓ,BUSCA E SALVAMENTO,ABELHAS NO TELHADO NA ENTRADA DA RESIDÊNCIA,"CONJUNTO SANTA MARIA, QD 11, Nº 22, MACEIÓ-AL",1,3
158,8,5,2023, 16:42:16,ARAPIRACA,ATIVIDADES COMUNITÁRIAS,PONTO BASE NA PERUCABA,"LAGO DA PERUCABA, ARAPIRACA-AL",1,3
159,8,5,2023, 17:14:12,TAQUARANA,BUSCA E SALVAMENTO,GATO EM COQUEIRO,"POV. PAI JOÃO , TAQUARANA-AL",1,4
160,8,5,2023, 17:21:01,ARAPIRACA,ATIVIDADES COMUNITÁRIAS,PONTO BASE NO BOSQUE,"BOSQUE DAS ARAPIRACAS, ARAPIRACA-AL",0,4
161,8,5,2023, 17:53:37,MACEIÓ,APH,COLISÃO CARRO X MOTO COM UMA VÍTIMA ,"CRUZAMENTO ENTRA A RUA SENADOR RUI PALMEIRA E A RUA JOSÉ CABRAL ACIOLI, MACEIÓ-AL",0,3
162,8,5,2023, 18:19:51,ARAPIRACA,BUSCA E SALVAMENTO,ANIMAL ENTRE DOIS MUROS,"R. ANA ROSA DE OLIVEIRA, 370, ARAPIRACA-AL",1,4
163,8,5,2023, 18:23:42,SÃO MIGUEL DOS CAMPOS,BUSCA E SALVAMENTO,ABELHAS EM PORTÃO DE RESIDÊNCIA,"LOT ANTONIO COUTINHO BURITI, QD 4, LOT 14, SÃO MIGUEL DOS CAMPOS-AL",1,3
164,8,5,2023, 18:28:02,MACEIÓ,APH,COLISÃO CARRO X MOTO COM UMA VÍTIMA,"AVENIDA FERNANDES LIMA, MACEIÓ-AL",1,3
165,8,5,2023, 18:54:46,ARAPIRACA,BUSCA E SALVAMENTO,ABELHAS EM TELHADO  DE RESIDÊNCIA,"RUA LUCIANA RODRIGUES DE ARAÚJO, 55, ARAPIRACA-AL",1,4
166,8,5,2023, 10:29:50,PENEDO,ATIVIDADES COMUNITÁRIAS,SVR - GV - PRAINHA DE PENEDO,"PRAINHA DE PENEDO, PENEDO-AL",0,2
167,8,5,2023, 19:48:18,MACEIÓ,APH,VÍTIMA DE QUEDA DE ESCADA; HOMEM DE 51 ANOS COM FERIMENTO NA CABEÇA.,"AL 101 NORTE, MACEIÓ-AL",0,3
168,8,5,2023, 20:13:28,PENEDO,BUSCA E SALVAMENTO,CONTENÇÃO DE INSETOS AGRESSIVOS,"AV. ITAPORANGA, 176, PENEDO-AL",1,3
169,8,5,2023, 11:58:26,MACEIÓ,BUSCA E SALVAMENTO,MARIBONDOS EM LAJE DA RESIDÊNCIA,"R. CLARÊNCIO JUCÁ, 166, MACEIÓ-AL",1,4
170,8,5,2023, 17:22:23,MACEIÓ,BUSCA E SALVAMENTO,ABELHAS NO PORTÃO DE ENTRADA DA RESIDÊNCIA,"R. SANTA LUZIA, 27, MACEIÓ-AL",1,4
171,8,5,2023, 19:04:43,ARAPIRACA,ATIVIDADES COMUNITÁRIAS,PONTO BASE NO BOSQUE,"BOSQUE DAS ARAPIRACAS, ARAPIRACA-AL",1,3
172,8,5,2023, 19:15:30,MACEIÓ,APH,COLISÃO CARRO X MOTO,"AL 101 NORTE, MACEIÓ-AL",1,3
173,8,5,2023, 20:16:08,MACEIÓ,APH,COLISÃO CARRO X MOTO,"BR-316, MACEIÓ-AL",1,3
174,8,5,2023, 21:37:56,MACEIÓ,ATIVIDADES COMUNITÁRIAS,"TRANSPORTE DO BM IZAEL, DO HOSPITAL HAPVIDA PARA A RESIDÊNCIA.","AVENIDA PRESIDENTE ROSELVELT, MACEIÓ-AL",1,3
175,8,5,2023, 21:54:38,MACEIÓ,ATIVIDADES COMUNITÁRIAS,"TRANSPORTE DE MILITAR, DO HOSPITAL VIDA PARA SUA RESIDÊNCIA.","CONJUNTO MEDEIROS NETO, MACEIÓ-AL",0,3
176,9,5,2023, 01:45:03,ARAPIRACA,BUSCA E SALVAMENTO,QUEDA DE POSTE EM MURO,"RUA FRANCELINO DE BRITO, ARAPIRACA-AL",1,3
